clade,mut_type,count,total_count,fraction,parent_nt,parent_nt_frac,rate
20A,AtoC,286,17202,0.016626,A,0.28962,0.057407
20A,AtoG,1617,17202,0.094001,A,0.28962,0.32457
20A,AtoT,515,17202,0.029938,A,0.28962,0.10337
20A,CtoA,339,17202,0.019707,C,0.13704,0.14381
20A,CtoG,130,17202,0.0075573,C,0.13704,0.055147
20A,CtoT,7113,17202,0.4135,C,0.13704,3.0174
20A,GtoA,837,17202,0.048657,G,0.064987,0.74872
20A,GtoC,137,17202,0.0079642,G,0.064987,0.12255
20A,GtoT,2670,17202,0.15521,G,0.064987,2.3884
20A,TtoA,565,17202,0.032845,T,0.50836,0.06461
20A,TtoC,2598,17202,0.15103,T,0.50836,0.29709
20A,TtoG,395,17202,0.022962,T,0.50836,0.04517
20B,AtoC,155,14121,0.010977,A,0.28962,0.0379
20B,AtoG,1288,14121,0.091212,A,0.28962,0.31494
20B,AtoT,401,14121,0.028397,A,0.28962,0.098052
20B,CtoA,281,14121,0.019899,C,0.13704,0.14521
20B,CtoG,84,14121,0.0059486,C,0.13704,0.043408
20B,CtoT,5987,14121,0.42398,C,0.13704,3.0939
20B,GtoA,627,14121,0.044402,G,0.064987,0.68324
20B,GtoC,98,14121,0.00694,G,0.064987,0.10679
20B,GtoT,2250,14121,0.15934,G,0.064987,2.4518
20B,TtoA,451,14121,0.031938,T,0.50836,0.062826
20B,TtoC,2148,14121,0.15211,T,0.50836,0.29923
20B,TtoG,351,14121,0.024857,T,0.50836,0.048896
20C,AtoC,123,9344,0.013164,A,0.28968,0.045441
20C,AtoG,945,9344,0.10113,A,0.28968,0.34912
20C,AtoT,264,9344,0.028253,A,0.28968,0.097532
20C,CtoA,218,9344,0.02333,C,0.13683,0.1705
20C,CtoG,27,9344,0.0028896,C,0.13683,0.021117
20C,CtoT,3863,9344,0.41342,C,0.13683,3.0213
20C,GtoA,474,9344,0.050728,G,0.065002,0.7804
20C,GtoC,67,9344,0.0071704,G,0.065002,0.11031
20C,GtoT,1399,9344,0.14972,G,0.065002,2.3033
20C,TtoA,338,9344,0.036173,T,0.50848,0.07114
20C,TtoC,1400,9344,0.14983,T,0.50848,0.29466
20C,TtoG,226,9344,0.024187,T,0.50848,0.047567
20E,AtoC,137,10454,0.013105,A,0.28945,0.045276
20E,AtoG,1105,10454,0.1057,A,0.28945,0.36518
20E,AtoT,299,10454,0.028601,A,0.28945,0.098814
20E,CtoA,214,10454,0.020471,C,0.13707,0.14934
20E,CtoG,119,10454,0.011383,C,0.13707,0.083047
20E,CtoT,4591,10454,0.43916,C,0.13707,3.2039
20E,GtoA,452,10454,0.043237,G,0.065002,0.66516
20E,GtoC,48,10454,0.0045915,G,0.065002,0.070637
20E,GtoT,1313,10454,0.1256,G,0.065002,1.9322
20E,TtoA,363,10454,0.034724,T,0.50848,0.068289
20E,TtoC,1578,10454,0.15095,T,0.50848,0.29686
20E,TtoG,235,10454,0.022479,T,0.50848,0.044209
20G,AtoC,170,14019,0.012126,A,0.28965,0.041865
20G,AtoG,1281,14019,0.091376,A,0.28965,0.31547
20G,AtoT,459,14019,0.032741,A,0.28965,0.11304
20G,CtoA,297,14019,0.021186,C,0.1367,0.15498
20G,CtoG,36,14019,0.0025679,C,0.1367,0.018786
20G,CtoT,6229,14019,0.44433,C,0.1367,3.2505
20G,GtoA,709,14019,0.050574,G,0.065048,0.77749
20G,GtoC,71,14019,0.0050646,G,0.065048,0.077858
20G,GtoT,1904,14019,0.13582,G,0.065048,2.0879
20G,TtoA,490,14019,0.034953,T,0.5086,0.068723
20G,TtoC,2036,14019,0.14523,T,0.5086,0.28555
20G,TtoG,337,14019,0.024039,T,0.5086,0.047264
20I,AtoC,708,60858,0.011634,A,0.29012,0.040099
20I,AtoG,5952,60858,0.097801,A,0.29012,0.3371
20I,AtoT,1742,60858,0.028624,A,0.29012,0.098661
20I,CtoA,1345,60858,0.022101,C,0.13693,0.1614
20I,CtoG,956,60858,0.015709,C,0.13693,0.11472
20I,CtoT,26348,60858,0.43294,C,0.13693,3.1617
20I,GtoA,2757,60858,0.045302,G,0.065048,0.69644
20I,GtoC,316,60858,0.0051924,G,0.065048,0.079824
20I,GtoT,8274,60858,0.13596,G,0.065048,2.0901
20I,TtoA,2105,60858,0.034589,T,0.5079,0.068102
20I,TtoC,8862,60858,0.14562,T,0.5079,0.28671
20I,TtoG,1493,60858,0.024533,T,0.5079,0.048302
21C,AtoC,81,6308,0.012841,A,0.28975,0.044317
21C,AtoG,568,6308,0.090044,A,0.28975,0.31076
21C,AtoT,206,6308,0.032657,A,0.28975,0.11271
21C,CtoA,144,6308,0.022828,C,0.13687,0.16679
21C,CtoG,26,6308,0.0041218,C,0.13687,0.030115
21C,CtoT,2766,6308,0.43849,C,0.13687,3.2038
21C,GtoA,303,6308,0.048034,G,0.065018,0.73879
21C,GtoC,29,6308,0.0045973,G,0.065018,0.070709
21C,GtoT,834,6308,0.13221,G,0.065018,2.0335
21C,TtoA,226,6308,0.035828,T,0.50836,0.070476
21C,TtoC,951,6308,0.15076,T,0.50836,0.29656
21C,TtoG,174,6308,0.027584,T,0.50836,0.054261
21I,AtoC,349,24117,0.014471,A,0.28861,0.050141
21I,AtoG,2807,24117,0.11639,A,0.28861,0.40328
21I,AtoT,781,24117,0.032384,A,0.28861,0.11221
21I,CtoA,655,24117,0.027159,C,0.1377,0.19723
21I,CtoG,180,24117,0.0074636,C,0.1377,0.054201
21I,CtoT,9139,24117,0.37894,C,0.1377,2.7519
21I,GtoA,1280,24117,0.053075,G,0.065315,0.8126
21I,GtoC,175,24117,0.0072563,G,0.065315,0.1111
21I,GtoT,3662,24117,0.15184,G,0.065315,2.3248
21I,TtoA,659,24117,0.027325,T,0.50837,0.05375
21I,TtoC,3823,24117,0.15852,T,0.50837,0.31182
21I,TtoG,607,24117,0.025169,T,0.50837,0.049509
21J,AtoC,4346,282051,0.015409,A,0.28875,0.053363
21J,AtoG,31879,282051,0.11303,A,0.28875,0.39143
21J,AtoT,9092,282051,0.032235,A,0.28875,0.11164
21J,CtoA,7962,282051,0.028229,C,0.13753,0.20525
21J,CtoG,3066,282051,0.01087,C,0.13753,0.079039
21J,CtoT,106378,282051,0.37716,C,0.13753,2.7423
21J,GtoA,14454,282051,0.051246,G,0.065346,0.78423
21J,GtoC,1989,282051,0.0070519,G,0.065346,0.10792
21J,GtoT,41591,282051,0.14746,G,0.065346,2.2566
21J,TtoA,7627,282051,0.027041,T,0.50837,0.053192
21J,TtoC,47290,282051,0.16766,T,0.50837,0.32981
21J,TtoG,6377,282051,0.022609,T,0.50837,0.044474
21K,AtoC,1573,113721,0.013832,A,0.29003,0.047693
21K,AtoG,12349,113721,0.10859,A,0.29003,0.37442
21K,AtoT,3826,113721,0.033644,A,0.29003,0.116
21K,CtoA,3113,113721,0.027374,C,0.13652,0.20051
21K,CtoG,758,113721,0.0066654,C,0.13652,0.048822
21K,CtoT,46856,113721,0.41203,C,0.13652,3.018
21K,GtoA,6415,113721,0.05641,G,0.065551,0.86056
21K,GtoC,641,113721,0.0056366,G,0.065551,0.085989
21K,GtoT,8009,113721,0.070427,G,0.065551,1.0744
21K,TtoA,6144,113721,0.054027,T,0.5079,0.10637
21K,TtoC,21422,113721,0.18837,T,0.5079,0.37089
21K,TtoG,2615,113721,0.022995,T,0.5079,0.045274
21L,AtoC,1134,83475,0.013585,A,0.2902,0.046812
21L,AtoG,9179,83475,0.10996,A,0.2902,0.37891
21L,AtoT,2520,83475,0.030189,A,0.2902,0.10403
21L,CtoA,2503,83475,0.029985,C,0.13601,0.22046
21L,CtoG,898,83475,0.010758,C,0.13601,0.079095
21L,CtoT,35578,83475,0.42621,C,0.13601,3.1337
21L,GtoA,4483,83475,0.053705,G,0.065643,0.81813
21L,GtoC,537,83475,0.0064331,G,0.065643,0.098
21L,GtoT,6644,83475,0.079593,G,0.065643,1.2125
21L,TtoA,3393,83475,0.040647,T,0.50815,0.079991
21L,TtoC,14640,83475,0.17538,T,0.50815,0.34514
21L,TtoG,1966,83475,0.023552,T,0.50815,0.046349
22A,AtoC,104,11413,0.0091124,A,0.2899,0.031433
22A,AtoG,1250,11413,0.10952,A,0.2899,0.37781
22A,AtoT,334,11413,0.029265,A,0.2899,0.10095
22A,CtoA,312,11413,0.027337,C,0.13598,0.20104
22A,CtoG,35,11413,0.0030667,C,0.13598,0.022553
22A,CtoT,4927,11413,0.4317,C,0.13598,3.1748
22A,GtoA,710,11413,0.06221,G,0.065628,0.94792
22A,GtoC,57,11413,0.0049943,G,0.065628,0.0761
22A,GtoT,986,11413,0.086393,G,0.065628,1.3164
22A,TtoA,458,11413,0.04013,T,0.5085,0.078918
22A,TtoC,2011,11413,0.1762,T,0.5085,0.34652
22A,TtoG,229,11413,0.020065,T,0.5085,0.039459
22B,AtoC,660,64765,0.010191,A,0.29003,0.035136
22B,AtoG,6811,64765,0.10516,A,0.29003,0.3626
22B,AtoT,1855,64765,0.028642,A,0.29003,0.098754
22B,CtoA,1737,64765,0.02682,C,0.13581,0.19749
22B,CtoG,217,64765,0.0033506,C,0.13581,0.024672
22B,CtoT,27018,64765,0.41717,C,0.13581,3.0718
22B,GtoA,4283,64765,0.066131,G,0.065423,1.0108
22B,GtoC,446,64765,0.0068864,G,0.065423,0.10526
22B,GtoT,5887,64765,0.090898,G,0.065423,1.3894
22B,TtoA,2798,64765,0.043202,T,0.50874,0.08492
22B,TtoC,11643,64765,0.17977,T,0.50874,0.35337
22B,TtoG,1410,64765,0.021771,T,0.50874,0.042794
22C,AtoC,191,18958,0.010075,A,0.2901,0.034729
22C,AtoG,2214,18958,0.11678,A,0.2901,0.40256
22C,AtoT,524,18958,0.02764,A,0.2901,0.095277
22C,CtoA,495,18958,0.02611,C,0.13607,0.19188
22C,CtoG,60,18958,0.0031649,C,0.13607,0.023259
22C,CtoT,8044,18958,0.42431,C,0.13607,3.1182
22C,GtoA,1040,18958,0.054858,G,0.065438,0.83832
22C,GtoC,108,18958,0.0056968,G,0.065438,0.087056
22C,GtoT,1616,18958,0.085241,G,0.065438,1.3026
22C,TtoA,713,18958,0.037609,T,0.50839,0.073978
22C,TtoC,3528,18958,0.1861,T,0.50839,0.36605
22C,TtoG,425,18958,0.022418,T,0.50839,0.044096
